Model,MAE,RMSE,R2
Linear Regression,20081.433994421997,30918.715815557534,0.8753681444750729
