{
    "Model": "Random Forest Regressor",
    "R2": 0.8835197936357213,
    "MAE": 18168.504897260274,
    "MSE": 893441179.4944913,
    "RMSE": 29890.48643790347
}