,MAE,MSE,RMSE,R2
Lasso Regression,18004.300666153656,28329.277277910303,28329.277277910303,0.8953697757552039
Random Forest,17577.43479452055,29493.13117314079,29493.13117314079,0.886596115614869
Ridge Regression,19014.45821142718,29840.40605906441,29840.40605906441,0.883909783010859
Linear Regression,3196912662629.134,47147137534276.195,47147137534276.195,-2.8979896260385043e+17
